<?xml version="1.0" encoding="ISO-8859-1"?>
<root>
	<item id="Title"><![CDATA[Discuz! Plugin]]></item>
	<item id="Version"><![CDATA[X2]]></item>
	<item id="Time"><![CDATA[2011-09-25 23:30]]></item>
	<item id="From"><![CDATA[思可觅 PT资源站 (http://192.168.56.101/)]]></item>
	<item id="Data">
		<item id="plugin">
			<item id="available"><![CDATA[1]]></item>
			<item id="adminid"><![CDATA[1]]></item>
			<item id="name"><![CDATA[思可觅PT插件]]></item>
			<item id="identifier"><![CDATA[sicau_pt_x2]]></item>
			<item id="description"><![CDATA[]]></item>
			<item id="datatables"><![CDATA[]]></item>
			<item id="directory"><![CDATA[sicau_pt_x2/]]></item>
			<item id="copyright"><![CDATA[feeqi ratwu]]></item>
			<item id="version"><![CDATA[2.0]]></item>
			<item id="__modules">
				<item id="0">
					<item id="name"><![CDATA[U_user_history]]></item>
					<item id="menu"><![CDATA[下载历史]]></item>
					<item id="url"><![CDATA[]]></item>
					<item id="type"><![CDATA[7]]></item>
					<item id="adminid"><![CDATA[0]]></item>
					<item id="displayorder"><![CDATA[0]]></item>
					<item id="navtitle"><![CDATA[]]></item>
					<item id="navicon"><![CDATA[]]></item>
					<item id="navsubname"><![CDATA[]]></item>
					<item id="navsuburl"><![CDATA[]]></item>
				</item>
				<item id="1">
					<item id="name"><![CDATA[U_thread]]></item>
					<item id="menu"><![CDATA[]]></item>
					<item id="url"><![CDATA[]]></item>
					<item id="type"><![CDATA[12]]></item>
					<item id="adminid"><![CDATA[0]]></item>
					<item id="displayorder"><![CDATA[0]]></item>
					<item id="navtitle"><![CDATA[]]></item>
					<item id="navicon"><![CDATA[]]></item>
					<item id="navsubname"><![CDATA[]]></item>
					<item id="navsuburl"><![CDATA[]]></item>
				</item>
				<item id="2">
					<item id="name"><![CDATA[U_test]]></item>
					<item id="menu"><![CDATA[test]]></item>
					<item id="url"><![CDATA[]]></item>
					<item id="type"><![CDATA[7]]></item>
					<item id="adminid"><![CDATA[0]]></item>
					<item id="displayorder"><![CDATA[0]]></item>
					<item id="navtitle"><![CDATA[test]]></item>
					<item id="navicon"><![CDATA[]]></item>
					<item id="navsubname"><![CDATA[]]></item>
					<item id="navsuburl"><![CDATA[]]></item>
				</item>
				<item id="3">
					<item id="name"><![CDATA[U_reset_tracker]]></item>
					<item id="menu"><![CDATA[重置tracker]]></item>
					<item id="url"><![CDATA[]]></item>
					<item id="type"><![CDATA[7]]></item>
					<item id="adminid"><![CDATA[0]]></item>
					<item id="displayorder"><![CDATA[0]]></item>
					<item id="navtitle"><![CDATA[]]></item>
					<item id="navicon"><![CDATA[]]></item>
					<item id="navsubname"><![CDATA[]]></item>
					<item id="navsuburl"><![CDATA[]]></item>
				</item>
			</item>
		</item>
		<item id="version"><![CDATA[X2]]></item>
		<item id="var">
			<item id="0">
				<item id="displayorder"><![CDATA[0]]></item>
				<item id="title"><![CDATA[test]]></item>
				<item id="description"><![CDATA[]]></item>
				<item id="variable"><![CDATA[test]]></item>
				<item id="type"><![CDATA[number]]></item>
				<item id="value"><![CDATA[9999]]></item>
				<item id="extra"><![CDATA[]]></item>
			</item>
			<item id="1">
				<item id="displayorder"><![CDATA[10]]></item>
				<item id="title"><![CDATA[置顶上传权重]]></item>
				<item id="description"><![CDATA[]]></item>
				<item id="variable"><![CDATA[u_top]]></item>
				<item id="type"><![CDATA[number]]></item>
				<item id="value"><![CDATA[2]]></item>
				<item id="extra"><![CDATA[]]></item>
			</item>
			<item id="2">
				<item id="displayorder"><![CDATA[11]]></item>
				<item id="title"><![CDATA[高亮上传权重]]></item>
				<item id="description"><![CDATA[]]></item>
				<item id="variable"><![CDATA[u_highlight]]></item>
				<item id="type"><![CDATA[number]]></item>
				<item id="value"><![CDATA[1.5]]></item>
				<item id="extra"><![CDATA[]]></item>
			</item>
			<item id="3">
				<item id="displayorder"><![CDATA[13]]></item>
				<item id="title"><![CDATA[正常上传权重]]></item>
				<item id="description"><![CDATA[]]></item>
				<item id="variable"><![CDATA[u_normal]]></item>
				<item id="type"><![CDATA[number]]></item>
				<item id="value"><![CDATA[1]]></item>
				<item id="extra"><![CDATA[]]></item>
			</item>
			<item id="4">
				<item id="displayorder"><![CDATA[20]]></item>
				<item id="title"><![CDATA[置顶下载权重]]></item>
				<item id="description"><![CDATA[]]></item>
				<item id="variable"><![CDATA[d_top]]></item>
				<item id="type"><![CDATA[number]]></item>
				<item id="value"><![CDATA[1]]></item>
				<item id="extra"><![CDATA[]]></item>
			</item>
			<item id="5">
				<item id="displayorder"><![CDATA[21]]></item>
				<item id="title"><![CDATA[高亮下载权重]]></item>
				<item id="description"><![CDATA[]]></item>
				<item id="variable"><![CDATA[d_highlight]]></item>
				<item id="type"><![CDATA[number]]></item>
				<item id="value"><![CDATA[1]]></item>
				<item id="extra"><![CDATA[]]></item>
			</item>
			<item id="6">
				<item id="displayorder"><![CDATA[23]]></item>
				<item id="title"><![CDATA[正常下载权重]]></item>
				<item id="description"><![CDATA[]]></item>
				<item id="variable"><![CDATA[d_normal]]></item>
				<item id="type"><![CDATA[number]]></item>
				<item id="value"><![CDATA[1]]></item>
				<item id="extra"><![CDATA[]]></item>
			</item>
			<item id="7">
				<item id="displayorder"><![CDATA[30]]></item>
				<item id="title"><![CDATA[上传积分编号]]></item>
				<item id="description"><![CDATA[]]></item>
				<item id="variable"><![CDATA[upload_credit_num]]></item>
				<item id="type"><![CDATA[number]]></item>
				<item id="value"><![CDATA[3]]></item>
				<item id="extra"><![CDATA[]]></item>
			</item>
			<item id="8">
				<item id="displayorder"><![CDATA[31]]></item>
				<item id="title"><![CDATA[下载积分编号]]></item>
				<item id="description"><![CDATA[]]></item>
				<item id="variable"><![CDATA[down_credit_num]]></item>
				<item id="type"><![CDATA[number]]></item>
				<item id="value"><![CDATA[4]]></item>
				<item id="extra"><![CDATA[]]></item>
			</item>
			<item id="9">
				<item id="displayorder"><![CDATA[40]]></item>
				<item id="title"><![CDATA[tracker地址前缀]]></item>
				<item id="description"><![CDATA[]]></item>
				<item id="variable"><![CDATA[tracker_url_pre]]></item>
				<item id="type"><![CDATA[text]]></item>
				<item id="value"><![CDATA[http://bt.sicau.org/xbt/announce.php?pid=]]></item>
				<item id="extra"><![CDATA[]]></item>
			</item>
			<item id="10">
				<item id="displayorder"><![CDATA[50]]></item>
				<item id="title"><![CDATA[插件帮助地址]]></item>
				<item id="description"><![CDATA[]]></item>
				<item id="variable"><![CDATA[help_url]]></item>
				<item id="type"><![CDATA[text]]></item>
				<item id="value"><![CDATA[http://ratwu.com/2011/05/discuzx-bt-plugin/]]></item>
				<item id="extra"><![CDATA[]]></item>
			</item>
			<item id="11">
				<item id="displayorder"><![CDATA[22]]></item>
				<item id="title"><![CDATA[精华下载权重]]></item>
				<item id="description"><![CDATA[]]></item>
				<item id="variable"><![CDATA[d_digest]]></item>
				<item id="type"><![CDATA[number]]></item>
				<item id="value"><![CDATA[1]]></item>
				<item id="extra"><![CDATA[]]></item>
			</item>
			<item id="12">
				<item id="displayorder"><![CDATA[12]]></item>
				<item id="title"><![CDATA[精华上传权重]]></item>
				<item id="description"><![CDATA[]]></item>
				<item id="variable"><![CDATA[u_digest]]></item>
				<item id="type"><![CDATA[number]]></item>
				<item id="value"><![CDATA[1]]></item>
				<item id="extra"><![CDATA[]]></item>
			</item>
		</item>
		<item id="installfile"><![CDATA[install.php]]></item>
		<item id="uninstallfile"><![CDATA[uninstall.php]]></item>
	</item>
</root>